{
    "$schema": "https://schema.management.azure.com/schemas/2015-01-01/deploymentParameters.json#",
    "contentVersion": "1.0.0.0",
    "parameters": {
        "certificates_AzureClassicRunAsCertificate_base64Value": {
            "value": null
        },
        "certificates_AzureRunAsCertificate_base64Value": {
            "value": null
        },
        "virtualMachines_node01_name": {
            "value": null
        },
        "virtualMachines_node02_name": {
            "value": null
        },
        "virtualMachines_node03_name": {
            "value": null
        },
        "networkInterfaces_node01468_name": {
            "value": null
        },
        "networkInterfaces_node02685_name": {
            "value": null
        },
        "networkInterfaces_node03943_name": {
            "value": null
        },
        "publicIPAddresses_node01_ip_name": {
            "value": null
        },
        "publicIPAddresses_node02_ip_name": {
            "value": null
        },
        "publicIPAddresses_node03_ip_name": {
            "value": null
        },
        "dnszones_services.example.com_name": {
            "value": null
        },
        "networkSecurityGroups_node01_nsg_name": {
            "value": null
        },
        "networkSecurityGroups_node02_nsg_name": {
            "value": null
        },
        "networkSecurityGroups_node03_nsg_name": {
            "value": null
        },
        "automationAccounts_WhiteWorker_name": {
            "value": null
        },
        "NS_@_name": {
            "value": null
        },
        "A_api_name": {
            "value": null
        },
        "A_vpn_name": {
            "value": null
        },
        "SOA_@_name": {
            "value": null
        },
        "storageAccounts_azurebootcamp2018468_name": {
            "value": null
        },
        "virtualNetworks_AzureBootCamp2018_vnet_name": {
            "value": null
        },
        "TXT_failover_name": {
            "value": null
        },
        "modules_Azure_name": {
            "value": null
        },
        "securityRules_HTTP_name": {
            "value": null
        },
        "securityRules_HTTP_name_1": {
            "value": null
        },
        "variables_ZoneName_name": {
            "value": null
        },
        "modules_AzureRM.Dns_name": {
            "value": null
        },
        "modules_AzureRM.Sql_name": {
            "value": null
        },
        "schedules_Hourly_01_name": {
            "value": null
        },
        "schedules_Hourly_02_name": {
            "value": null
        },
        "schedules_Hourly_03_name": {
            "value": null
        },
        "schedules_Hourly_04_name": {
            "value": null
        },
        "schedules_Hourly_05_name": {
            "value": null
        },
        "schedules_Hourly_06_name": {
            "value": null
        },
        "runbooks_DnsFailOver_name": {
            "value": null
        },
        "securityRules_DNS_UDP_name": {
            "value": null
        },
        "securityRules_DNS_TCP_name": {
            "value": null
        },
        "subnets_default_name": {
            "value": null
        },
        "connectionTypes_Azure_name": {
            "value": null
        },
        "modules_Azure.Storage_name": {
            "value": null
        },
        "modules_AzureRM.Compute_name": {
            "value": null
        },
        "modules_AzureRM.Profile_name": {
            "value": null
        },
        "modules_AzureRM.Storage_name": {
            "value": null
        },
        "webhooks_CheckConnection_name": {
            "value": null
        },
        "modules_AzureRM.Resources_name": {
            "value": null
        },
        "modules_AzureRM.Automation_name": {
            "value": null
        },
        "variables_ResourceGroupName_name": {
            "value": null
        },
        "securityRules_default_allow_ssh_name": {
            "value": null
        },
        "securityRules_default_allow_ssh_name_1": {
            "value": null
        },
        "securityRules_default_allow_ssh_name_2": {
            "value": null
        },
        "connections_AzureRunAsConnection_name": {
            "value": null
        },
        "runbooks_AzureAutomationTutorial_name": {
            "value": null
        },
        "modules_Microsoft.PowerShell.Core_name": {
            "value": null
        },
        "certificates_AzureRunAsCertificate_name": {
            "value": null
        },
        "modules_Microsoft.WSMan.Management_name": {
            "value": null
        },
        "modules_Microsoft.PowerShell.Utility_name": {
            "value": null
        },
        "connectionTypes_AzureServicePrincipal_name": {
            "value": null
        },
        "modules_Microsoft.PowerShell.Security_name": {
            "value": null
        },
        "runbooks_AzureAutomationTutorialScript_name": {
            "value": null
        },
        "connections_AzureClassicRunAsConnection_name": {
            "value": null
        },
        "connectionTypes_AzureClassicCertificate_name": {
            "value": null
        },
        "modules_Microsoft.PowerShell.Management_name": {
            "value": null
        },
        "runbooks_AzureAutomationTutorialPython2_name": {
            "value": null
        },
        "runbooks_AzureClassicAutomationTutorial_name": {
            "value": null
        },
        "modules_Microsoft.PowerShell.Diagnostics_name": {
            "value": null
        },
        "certificates_AzureClassicRunAsCertificate_name": {
            "value": null
        },
        "jobs_741c4473_10b1_49f6_bf41_bc794c64880c_name": {
            "value": null
        },
        "jobs_88490c60_0367_40dd_b942_13ed1d4ab06b_name": {
            "value": null
        },
        "jobs_1304aea1_bc1d_4dc1_be61_351c5e3b08ef_name": {
            "value": null
        },
        "jobs_74768cfc_32a5_4661_92fc_81b0e5c0a7eb_name": {
            "value": null
        },
        "jobs_a73d2808_cfe0_4c51_be95_4761a644d476_name": {
            "value": null
        },
        "jobs_d918e2ce_78f0_4c25_8b0e_47ba53b25e5b_name": {
            "value": null
        },
        "jobs_8db8f940_168e_445f_83e5_1197e7985f13_name": {
            "value": null
        },
        "jobs_e68fb505_bcb6_44eb_876b_ab2543f73bf5_name": {
            "value": null
        },
        "jobs_11b8ff03_00b9_45b3_8241_ad165ac5c5a9_name": {
            "value": null
        },
        "jobs_28510e74_8eeb_458f_9619_51a4ba40fca6_name": {
            "value": null
        },
        "jobs_82174f32_8af0_4632_ba6a_0247894156a7_name": {
            "value": null
        },
        "jobs_c80549fb_d3fd_45af_b847_99517796dd3c_name": {
            "value": null
        },
        "jobs_a96df58d_93e4_4762_89a1_abdd104e3970_name": {
            "value": null
        },
        "jobs_08f9d205_aa78_488a_9502_717740283b9e_name": {
            "value": null
        },
        "jobs_87a06aa6_4d25_4d3f_81a4_1ca10abcb738_name": {
            "value": null
        },
        "jobs_a9b07267_b028_4f87_878c_57ab97ff479b_name": {
            "value": null
        },
        "jobs_c164a18f_9808_4ac6_8f1f_4c60102afac5_name": {
            "value": null
        },
        "jobs_869a20fc_33af_4e75_94ea_590de1f52f58_name": {
            "value": null
        },
        "jobs_5b97e2d9_8484_4c25_903b_4ba4910b7083_name": {
            "value": null
        },
        "jobs_019af5e4_ea2d_4bed_934e_a51773b35fbb_name": {
            "value": null
        },
        "jobs_5adaa344_5b54_48c3_9a68_62954700fc53_name": {
            "value": null
        },
        "jobs_93ff1b7d_1719_4a55_bddf_134b11b4789f_name": {
            "value": null
        },
        "jobs_4532e5a6_fd13_4535_9a1c_0efce8c820c1_name": {
            "value": null
        },
        "jobs_d4af27b0_9aa1_4033_9010_f4c3e99e2894_name": {
            "value": null
        },
        "jobs_1741a720_a913_4ef8_8a4e_b6908bb82eaf_name": {
            "value": null
        },
        "jobs_ba116623_9354_459b_9fc1_0d05a561c9b3_name": {
            "value": null
        },
        "jobs_00d084a9_89bd_4350_b635_0820415d57fa_name": {
            "value": null
        },
        "jobs_9e1cba67_2210_4a0b_bd80_a47e6f92dbb1_name": {
            "value": null
        },
        "jobs_d809ffb1_c2ae_404f_9644_e0db0d0c1d83_name": {
            "value": null
        },
        "jobs_b99c44b0_39bf_431c_9ce4_c985654fd668_name": {
            "value": null
        },
        "jobs_79468517_3e00_48c9_a4d4_e64410a9977e_name": {
            "value": null
        },
        "jobs_da257342_7b96_4938_8153_da0a9b38eb56_name": {
            "value": null
        },
        "jobs_ca31c195_2d7b_4f62_8752_381e5b65b529_name": {
            "value": null
        },
        "jobs_f4d15b7c_55fc_41bb_bd9f_6250ff9e52df_name": {
            "value": null
        },
        "jobs_13c79d64_4479_4ea5_a2aa_f45297569402_name": {
            "value": null
        },
        "jobs_cb00b232_4a8a_48f8_841b_b0099794ff83_name": {
            "value": null
        },
        "jobs_45469ce6_751b_41ec_a666_4ef0bd20f1d8_name": {
            "value": null
        },
        "jobs_0973ec1f_d5a0_4adb_8405_98983becb037_name": {
            "value": null
        },
        "jobs_8bb098f1_d264_4b4c_a2ac_d2d9fd1e541d_name": {
            "value": null
        },
        "jobs_164a4681_d794_426a_b902_4dd56154d0f7_name": {
            "value": null
        },
        "jobs_37c528be_3530_447a_a1b4_19c07222b6b9_name": {
            "value": null
        },
        "jobs_e78c0719_4b1c_433a_a10e_fdb10ae65a9a_name": {
            "value": null
        },
        "jobs_d0140280_9e8c_4b33_beb9_92f64990b90c_name": {
            "value": null
        },
        "jobs_5206a0c0_bc22_4c70_ad2d_4e7f8a6d1540_name": {
            "value": null
        },
        "jobs_ca79f03f_e77b_44cc_9f5f_6dee17207fd8_name": {
            "value": null
        },
        "jobs_da06a9c4_03d8_4ef5_9955_64e04e503cf8_name": {
            "value": null
        },
        "jobs_6fbef710_7368_4719_97a9_f990aeeb01c4_name": {
            "value": null
        },
        "jobs_75b12b08_88cf_4439_aca7_2b02554a33be_name": {
            "value": null
        },
        "jobs_921bd7ab_4fa9_4e1f_9620_4f951fbad855_name": {
            "value": null
        },
        "jobs_1a309d1f_c3fb_4462_89cc_5378fc2cb2d3_name": {
            "value": null
        },
        "jobs_7f0be6e3_702a_44b2_a010_ff4aba4dd1c1_name": {
            "value": null
        },
        "jobs_324d0a03_89ca_4c1e_b0e1_083559c56e33_name": {
            "value": null
        },
        "jobs_49526cd5_5721_40f4_9bbf_01025f22c50f_name": {
            "value": null
        },
        "jobs_df62ff32_d1d8_4631_9a2c_3bfc19078296_name": {
            "value": null
        },
        "jobs_046c4577_79da_447d_bdb3_126d0d6d2b5c_name": {
            "value": null
        },
        "jobs_dc927170_082c_4bc0_867a_3bdf7b8f552b_name": {
            "value": null
        },
        "jobs_a841c8df_f7c1_494f_9746_7ed9e265ca97_name": {
            "value": null
        },
        "jobs_6445269f_d28e_4f1d_ac47_6ed77efd12c3_name": {
            "value": null
        },
        "jobs_47b4628c_6cf9_481c_bab5_c16df984699e_name": {
            "value": null
        },
        "jobs_cedfaff0_f895_40c3_a832_5ef2c92a77fb_name": {
            "value": null
        },
        "jobs_c8dde854_e6ce_4c39_9c59_e8a497b13cb5_name": {
            "value": null
        },
        "jobs_9caf8255_7345_45da_b226_9e2d61c703f5_name": {
            "value": null
        },
        "jobs_c8368b6b_a23e_4d32_b6df_922f0580525f_name": {
            "value": null
        },
        "jobs_2568aaf1_2384_463e_b4ca_352ceba79b08_name": {
            "value": null
        },
        "jobs_28636992_ded4_4812_b7bb_ad9445e75318_name": {
            "value": null
        },
        "jobs_03f6a749_3abf_4792_8e43_e1eafbed6c78_name": {
            "value": null
        },
        "jobs_6fa7fb75_7fb5_4d85_84b1_21da21a5f963_name": {
            "value": null
        },
        "jobs_1f96692c_86af_4616_a178_5680149d862a_name": {
            "value": null
        },
        "jobs_ceb93e59_64a3_4a79_b26f_d722c7cd4d8d_name": {
            "value": null
        },
        "jobs_35c16366_822e_4aa3_b652_2307f924f298_name": {
            "value": null
        },
        "jobs_eb78dccd_e6bf_4911_89b7_d787b49f5b9c_name": {
            "value": null
        },
        "jobs_09332e56_2863_4494_b02a_f74f71bc2ac5_name": {
            "value": null
        },
        "jobs_e8bc0498_a8fd_4360_a273_114eec5cc549_name": {
            "value": null
        },
        "jobs_d5467f6b_f526_4592_8c4c_22dd159fef21_name": {
            "value": null
        },
        "jobs_2ce5612a_a1be_4f88_be52_4f1be0edc67d_name": {
            "value": null
        },
        "jobs_2186ff13_573a_43d5_ab54_03305f2a40d7_name": {
            "value": null
        },
        "jobs_9e65b91e_11f9_4c88_b8bf_7a12430760c6_name": {
            "value": null
        },
        "jobs_b39700fa_031c_4d16_9e5e_15ba86d9e048_name": {
            "value": null
        },
        "jobs_d441fe81_da4a_4814_87db_79d72184bafe_name": {
            "value": null
        },
        "jobs_9e0c3aee_8e57_44ae_ba69_37534fc410ce_name": {
            "value": null
        },
        "jobs_3d69ab6d_3040_438a_95e1_7a778dd83964_name": {
            "value": null
        },
        "jobs_8b081df6_bf5b_4efe_9363_18862a22dc68_name": {
            "value": null
        },
        "jobs_c9ff77bd_454c_43c2_aeff_85e1d26e9b6c_name": {
            "value": null
        },
        "jobs_24bbc303_3302_4be5_aa98_f7d7c10dc357_name": {
            "value": null
        },
        "jobs_5206a565_6745_4ac0_bc59_52704e4f2fb6_name": {
            "value": null
        },
        "jobs_3bcdc286_98e8_4a6a_af61_a70963eadb37_name": {
            "value": null
        },
        "jobs_92e91bc8_d683_4640_b922_2be125b3bbce_name": {
            "value": null
        },
        "jobs_f98bf2ac_d1da_4033_906e_552fc608273c_name": {
            "value": null
        },
        "jobs_1f8ef9fd_af71_49f0_9c5c_60391fa35ea7_name": {
            "value": null
        },
        "jobs_fe11e34d_7730_4aa0_88de_a1c06964a236_name": {
            "value": null
        },
        "jobs_7c3a9873_4661_4450_9264_2e52a9a5f9ef_name": {
            "value": null
        },
        "jobs_8a5a3837_e026_4a5b_aeaf_be82b9c0dd9d_name": {
            "value": null
        },
        "jobs_20bf0fa6_c974_4fdb_b5c4_2623900f75e6_name": {
            "value": null
        },
        "jobs_f4478606_b539_458f_926f_764e27a44b13_name": {
            "value": null
        },
        "jobs_c325bb72_a225_46c0_b8db_f5b10c5370af_name": {
            "value": null
        },
        "jobs_c20b1ef3_d85e_4484_bb51_0e97dca22491_name": {
            "value": null
        },
        "jobs_7bd3a4f8_f4cf_4cc7_b476_0c8bcf987119_name": {
            "value": null
        },
        "jobs_26d8f3ed_9cbe_46f0_80d0_4c42cf8e8d53_name": {
            "value": null
        },
        "jobs_0d98d4fe_fc27_4c91_b179_b65df4616eeb_name": {
            "value": null
        },
        "jobs_c8aa421e_e112_4e20_80b8_08c2451cbc74_name": {
            "value": null
        },
        "jobs_42927ace_ff1d_4f71_8d50_03e6c2776179_name": {
            "value": null
        },
        "jobs_b71f3e29_63a8_40f6_98e9_6d31b9d4c446_name": {
            "value": null
        },
        "jobs_8dc34c1c_7b1b_4040_bb89_cb6b3b1f880b_name": {
            "value": null
        },
        "jobs_0a06f209_847e_4f48_a3f0_02caac12a537_name": {
            "value": null
        },
        "jobs_711fd499_a144_4a04_a6ba_d206b7d2a0e3_name": {
            "value": null
        },
        "jobs_0d23220c_4c4d_4a95_bc2d_6f217b97f429_name": {
            "value": null
        },
        "jobs_c207edc1_8f99_48a2_b924_9a9a593a799d_name": {
            "value": null
        },
        "jobs_3aa14cd6_dc90_4f4c_aceb_ccfb77033170_name": {
            "value": null
        },
        "jobs_28979c0e_6618_4ddd_b596_ce1ecec195b7_name": {
            "value": null
        },
        "jobs_6258229a_38f7_4031_8f71_4ad047e40988_name": {
            "value": null
        },
        "jobs_2f5503db_33bc_4f89_b31e_0b262b351a3e_name": {
            "value": null
        },
        "jobs_797cabc7_3014_4ff5_9388_a58f2fb2434e_name": {
            "value": null
        },
        "jobs_b0b72a75_e68b_4569_b095_e3782b21e01f_name": {
            "value": null
        },
        "jobs_b77e556d_7455_436e_8084_959ecd5aa7f3_name": {
            "value": null
        },
        "jobs_669f676b_2ed2_4dbc_b511_63e5e3136c77_name": {
            "value": null
        },
        "jobs_c93a28fd_c56c_467d_a0e1_16a3ce5144b3_name": {
            "value": null
        },
        "jobs_7a379814_ad01_4b40_8198_4cb6163b2f13_name": {
            "value": null
        },
        "jobs_310ba4e0_67ce_4415_b656_17492dc54c7c_name": {
            "value": null
        },
        "jobs_4a323899_31c4_486d_b9d8_31bcab1aeae0_name": {
            "value": null
        },
        "jobs_ccc06521_d41f_4c09_991d_d4f1ff77ba6a_name": {
            "value": null
        },
        "jobs_dd7fa028_dcd5_4c47_8b48_b4669582a1f4_name": {
            "value": null
        },
        "jobs_c57eb646_9ff7_4ca9_ae01_12b38c46a07c_name": {
            "value": null
        },
        "jobs_8c9e3828_e2d9_458e_9843_566adc8b70f2_name": {
            "value": null
        },
        "jobs_4c77b3b0_affc_4c3a_aea9_37d7bab96136_name": {
            "value": null
        },
        "jobs_5a7823c6_2030_44cc_9faa_9e2881e242c1_name": {
            "value": null
        },
        "jobs_acaecb8b_4281_4500_914d_e86c707c71d8_name": {
            "value": null
        },
        "jobs_73f352cd_cf85_4ce5_a745_2c7315517fee_name": {
            "value": null
        },
        "jobs_c2ef4e38_eef2_4839_ab18_cc4716254ed2_name": {
            "value": null
        },
        "jobs_816d1b03_9bf4_4486_a96c_6bd06b2a73b6_name": {
            "value": null
        },
        "jobs_b84d3038_8367_41d5_82e0_8267e42b0d6c_name": {
            "value": null
        },
        "jobs_2406f476_9068_4104_800a_daed5bb3c600_name": {
            "value": null
        },
        "jobs_89dd64a7_40d4_4d47_b2be_f3b4807e825b_name": {
            "value": null
        },
        "jobs_679aaaaa_c918_45d2_a5a4_c068877b2849_name": {
            "value": null
        },
        "jobs_c9f7d2f9_0711_4a76_8a72_eef74d33d86c_name": {
            "value": null
        },
        "jobs_b11809c6_c361_41b2_aec3_1d569f126afe_name": {
            "value": null
        },
        "jobs_f0397a95_6f5d_427b_8902_65f11604fe59_name": {
            "value": null
        },
        "jobs_2157edd4_9428_4473_9370_6cfc13fe59f2_name": {
            "value": null
        },
        "jobs_a224a8cd_deef_4152_a2da_3bb8d854e991_name": {
            "value": null
        },
        "jobs_86f0e0bc_487c_4d7d_b563_368afa7b78cf_name": {
            "value": null
        },
        "jobs_3b35d644_d4db_4f18_be9e_93d35e829df5_name": {
            "value": null
        },
        "jobs_9d706c02_a4f3_4c49_bfa1_55d09b44ef5f_name": {
            "value": null
        },
        "jobs_33a909c8_a34f_45a9_a171_14e817cd1dcc_name": {
            "value": null
        },
        "jobs_3b54a5c3_8147_4feb_8b5d_80647d883007_name": {
            "value": null
        },
        "jobs_4f5ed160_ade6_4542_8b60_705efed2ac96_name": {
            "value": null
        },
        "jobs_03326844_487a_45b6_b13b_f5fb6adef13e_name": {
            "value": null
        },
        "jobs_4f98b021_1a8f_4e0f_857d_4a8d861a3f7a_name": {
            "value": null
        },
        "jobs_72b2e2fa_599a_4906_8070_0667892ccabf_name": {
            "value": null
        },
        "jobs_1011ad05_2f8a_4686_9ccf_51c89303e163_name": {
            "value": null
        },
        "jobs_c3c39c54_fcec_424b_8ea7_4316d7394ccb_name": {
            "value": null
        },
        "jobs_c367d224_40cf_47c7_9a1a_958e5fe0ee22_name": {
            "value": null
        },
        "jobs_ab791c06_218a_4d9f_bbf8_2dd49c6692c0_name": {
            "value": null
        },
        "jobs_c77624be_59e4_4319_87b7_f256c8b3cd0f_name": {
            "value": null
        },
        "jobs_d02e7509_9409_485b_b4c7_14a4c6869e1b_name": {
            "value": null
        },
        "jobs_0d535c74_5278_4493_97e5_f03ac74cee95_name": {
            "value": null
        },
        "jobs_0ecffc6b_f668_4521_9fd1_f331eb1f7b6f_name": {
            "value": null
        },
        "jobs_79abef06_5217_4b27_8635_82b81c65ced0_name": {
            "value": null
        },
        "jobs_56f874da_9f5f_43f5_b349_34bb0a464223_name": {
            "value": null
        },
        "jobs_d22d9eaa_208d_4cc9_aff2_5d5046404988_name": {
            "value": null
        },
        "jobs_94f950a2_c074_40c2_805c_790b2c568114_name": {
            "value": null
        },
        "jobs_b3e4dc91_ef26_48c5_b819_50b0bb822c2d_name": {
            "value": null
        },
        "jobs_76a6049b_de58_4307_9b3f_cddce7068c16_name": {
            "value": null
        },
        "jobs_6df7b261_af26_4364_8f76_55495748e7c5_name": {
            "value": null
        },
        "jobs_1a206174_58c1_477b_a957_33dac511a294_name": {
            "value": null
        },
        "jobs_a1cac085_426b_4ade_bb92_2c9e5b6fabcf_name": {
            "value": null
        },
        "jobs_52a61405_d403_447f_9365_3125af1b9203_name": {
            "value": null
        },
        "jobs_2676b4e0_9083_43ab_8cf3_aea4e3ab15d1_name": {
            "value": null
        },
        "jobs_7b579550_673e_4e24_9349_c7363f1de6fb_name": {
            "value": null
        },
        "jobs_3d6049ee_d63f_4423_b134_6653a98cb0f7_name": {
            "value": null
        },
        "jobs_ccf4cdea_6278_4e66_89d2_6760a1b5f24f_name": {
            "value": null
        },
        "jobs_47424e93_32c4_48ac_989d_b872da173159_name": {
            "value": null
        },
        "jobs_98060dd2_2a3b_4e85_a9b4_e89cf6ed0433_name": {
            "value": null
        },
        "jobs_38a326e4_75b2_464c_8667_38d51d4bef37_name": {
            "value": null
        },
        "jobs_7c2ae242_a21b_419f_8de3_fe48b34d3afa_name": {
            "value": null
        },
        "jobs_75111e70_12ee_4f62_8d1c_d17270a79dd8_name": {
            "value": null
        },
        "jobs_f7870f95_b2b6_49a3_a22c_e13d830e89fa_name": {
            "value": null
        },
        "jobs_8f49273f_3a64_46d1_b9c6_4065aab0bb14_name": {
            "value": null
        },
        "jobs_02a3f98c_1507_4a2a_9c86_a93c12be99ca_name": {
            "value": null
        },
        "jobs_54db0f2b_40a6_433c_a6c9_a2c2dd12c512_name": {
            "value": null
        },
        "jobs_3c7b8d79_11d5_4cf1_b85e_35dd45b9867c_name": {
            "value": null
        },
        "jobs_df15ec6d_1046_4fbe_bfa5_5ec67e42b530_name": {
            "value": null
        },
        "jobs_b404e492_f4cc_424c_a718_f07d48addb78_name": {
            "value": null
        },
        "jobs_ea04074b_65f0_4f13_b089_207a486d8b09_name": {
            "value": null
        },
        "jobs_a24e6b03_afc9_40f6_8e73_ff08992d4b5f_name": {
            "value": null
        },
        "jobs_9fae292c_b401_4fb7_b11a_9edac6b906bd_name": {
            "value": null
        },
        "jobs_e7df8f84_795b_447b_bb59_19d837c78433_name": {
            "value": null
        },
        "jobs_ad1ca38b_7555_4b5c_80f9_a1d0bfd14f66_name": {
            "value": null
        },
        "jobs_5681199a_3c1b_4f55_b5bc_26dd57b851d4_name": {
            "value": null
        },
        "jobs_ba427511_0193_41fa_8bf9_bde67bffa116_name": {
            "value": null
        },
        "jobs_60f28da4_d972_4ac2_b540_39627855c06e_name": {
            "value": null
        },
        "jobs_8153c846_d139_41d1_979c_40e1d38d2b17_name": {
            "value": null
        },
        "jobs_7318c506_7812_4049_88cc_bb305f18a69b_name": {
            "value": null
        },
        "modules_Orchestrator.AssetManagement.Cmdlets_name": {
            "value": null
        },
        "runbooks_AzureClassicAutomationTutorialScript_name": {
            "value": null
        },
        "jobSchedules_fe6dcf05_147c_4770_aa06_977aa9f81ecd_name": {
            "value": null
        },
        "jobSchedules_933baa01_a6a8_46e1_b2c7_cf782bf5472e_name": {
            "value": null
        },
        "jobSchedules_1ae9ba37_d0e9_4ff7_9b70_92246c8baa4e_name": {
            "value": null
        },
        "jobSchedules_e71d0dab_d656_43ac_b0e1_3b12dc864f55_name": {
            "value": null
        },
        "jobSchedules_f8356a53_2cf6_4ddd_b2bd_65b42803c027_name": {
            "value": null
        },
        "jobSchedules_da7c5668_8889_49d2_b029_206a82b7a803_name": {
            "value": null
        }
    }
}